{
  "name": "Loft Demo 38mm — single deploy",
  "motorDesignation": "H128W",
  "speedOfSound0": 340.293988026089,
  "environment": {
    "elevation": 0,
    "temperatureK": 288.15,
    "pressurePa": 101325,
    "windMps": 0,
    "railLength": 1.2,
    "inclinationDeg": 90,
    "headingDeg": 0
  },
  "rocket": {
    "radius": 0.019,
    "mass": 0.6001718272295978,
    "cgNoMotor": 0.5725246697641011,
    "inertia": [
      0.04288996882151429,
      0.04288996882151429,
      0.00021666202962988482
    ],
    "cp": 0.797519210352314,
    "cdPowerOff": [
      [
        0,
        2.3771
      ],
      [
        0.05,
        1.0415
      ],
      [
        0.1,
        0.9766
      ],
      [
        0.15,
        0.9585
      ],
      [
        0.2,
        0.9627
      ],
      [
        0.25,
        0.9681
      ],
      [
        0.3,
        0.9748
      ],
      [
        0.35,
        0.9827
      ],
      [
        0.4,
        0.9919
      ],
      [
        0.45,
        1.0024
      ],
      [
        0.5,
        1.0142
      ],
      [
        0.55,
        1.0273
      ],
      [
        0.6,
        1.0418
      ],
      [
        0.65,
        1.0577
      ],
      [
        0.7,
        1.0752
      ],
      [
        0.75,
        1.0942
      ],
      [
        0.8,
        1.1151
      ],
      [
        0.85,
        1.1494
      ],
      [
        0.9,
        1.2046
      ],
      [
        0.95,
        1.268
      ],
      [
        1,
        1.3364
      ],
      [
        1.05,
        1.3531
      ],
      [
        1.1,
        1.3609
      ],
      [
        1.15,
        1.3522
      ],
      [
        1.2,
        1.3292
      ],
      [
        1.25,
        1.3076
      ],
      [
        1.3,
        1.2872
      ],
      [
        1.35,
        1.2679
      ],
      [
        1.4,
        1.2495
      ],
      [
        1.45,
        1.2321
      ],
      [
        1.5,
        1.2154
      ],
      [
        1.55,
        1.1995
      ],
      [
        1.6,
        1.1843
      ],
      [
        1.65,
        1.1696
      ],
      [
        1.7,
        1.1555
      ],
      [
        1.75,
        1.142
      ],
      [
        1.8,
        1.1289
      ],
      [
        1.85,
        1.1163
      ],
      [
        1.9,
        1.1041
      ],
      [
        1.95,
        1.0923
      ],
      [
        2,
        1.0808
      ],
      [
        2.05,
        1.0698
      ],
      [
        2.1,
        1.059
      ],
      [
        2.15,
        1.0486
      ],
      [
        2.2,
        1.0384
      ],
      [
        2.25,
        1.0286
      ],
      [
        2.3,
        1.019
      ],
      [
        2.35,
        1.0096
      ],
      [
        2.4,
        1.0005
      ],
      [
        2.45,
        0.9917
      ],
      [
        2.5,
        0.983
      ],
      [
        2.55,
        0.9746
      ],
      [
        2.6,
        0.9664
      ],
      [
        2.65,
        0.9584
      ],
      [
        2.7,
        0.9506
      ],
      [
        2.75,
        0.9429
      ],
      [
        2.8,
        0.9355
      ],
      [
        2.85,
        0.9282
      ],
      [
        2.9,
        0.9211
      ],
      [
        2.95,
        0.9141
      ],
      [
        3,
        0.9073
      ]
    ],
    "cdPowerOn": [
      [
        0,
        2.3771
      ],
      [
        0.05,
        1.0415
      ],
      [
        0.1,
        0.9766
      ],
      [
        0.15,
        0.9585
      ],
      [
        0.2,
        0.9627
      ],
      [
        0.25,
        0.9681
      ],
      [
        0.3,
        0.9748
      ],
      [
        0.35,
        0.9827
      ],
      [
        0.4,
        0.9919
      ],
      [
        0.45,
        1.0024
      ],
      [
        0.5,
        1.0142
      ],
      [
        0.55,
        1.0273
      ],
      [
        0.6,
        1.0418
      ],
      [
        0.65,
        1.0577
      ],
      [
        0.7,
        1.0752
      ],
      [
        0.75,
        1.0942
      ],
      [
        0.8,
        1.1151
      ],
      [
        0.85,
        1.1494
      ],
      [
        0.9,
        1.2046
      ],
      [
        0.95,
        1.268
      ],
      [
        1,
        1.3364
      ],
      [
        1.05,
        1.3531
      ],
      [
        1.1,
        1.3609
      ],
      [
        1.15,
        1.3522
      ],
      [
        1.2,
        1.3292
      ],
      [
        1.25,
        1.3076
      ],
      [
        1.3,
        1.2872
      ],
      [
        1.35,
        1.2679
      ],
      [
        1.4,
        1.2495
      ],
      [
        1.45,
        1.2321
      ],
      [
        1.5,
        1.2154
      ],
      [
        1.55,
        1.1995
      ],
      [
        1.6,
        1.1843
      ],
      [
        1.65,
        1.1696
      ],
      [
        1.7,
        1.1555
      ],
      [
        1.75,
        1.142
      ],
      [
        1.8,
        1.1289
      ],
      [
        1.85,
        1.1163
      ],
      [
        1.9,
        1.1041
      ],
      [
        1.95,
        1.0923
      ],
      [
        2,
        1.0808
      ],
      [
        2.05,
        1.0698
      ],
      [
        2.1,
        1.059
      ],
      [
        2.15,
        1.0486
      ],
      [
        2.2,
        1.0384
      ],
      [
        2.25,
        1.0286
      ],
      [
        2.3,
        1.019
      ],
      [
        2.35,
        1.0096
      ],
      [
        2.4,
        1.0005
      ],
      [
        2.45,
        0.9917
      ],
      [
        2.5,
        0.983
      ],
      [
        2.55,
        0.9746
      ],
      [
        2.6,
        0.9664
      ],
      [
        2.65,
        0.9584
      ],
      [
        2.7,
        0.9506
      ],
      [
        2.75,
        0.9429
      ],
      [
        2.8,
        0.9355
      ],
      [
        2.85,
        0.9282
      ],
      [
        2.9,
        0.9211
      ],
      [
        2.95,
        0.9141
      ],
      [
        3,
        0.9073
      ]
    ],
    "nose": {
      "length": 0.25,
      "kind": "ogive",
      "baseRadius": 0.019,
      "position": 0
    },
    "tails": [],
    "fins": [
      {
        "kind": "trapezoidal",
        "n": 3,
        "rootChord": 0.12,
        "tipChord": 0.06,
        "span": 0.06,
        "sweepLength": 0.06,
        "position": 0.83,
        "radius": 0.019
      }
    ]
  },
  "motor": {
    "designation": "H128W",
    "thrust": [
      [
        0,
        0
      ],
      [
        0.024,
        102.423
      ],
      [
        0.074,
        175.203
      ],
      [
        0.125,
        181.379
      ],
      [
        0.176,
        179.281
      ],
      [
        0.226,
        181.423
      ],
      [
        0.277,
        186.074
      ],
      [
        0.328,
        190.483
      ],
      [
        0.378,
        189.509
      ],
      [
        0.429,
        186.162
      ],
      [
        0.48,
        184.114
      ],
      [
        0.53,
        180.3
      ],
      [
        0.581,
        174.144
      ],
      [
        0.632,
        172.019
      ],
      [
        0.683,
        169.36
      ],
      [
        0.734,
        166.017
      ],
      [
        0.784,
        161.882
      ],
      [
        0.835,
        157.331
      ],
      [
        0.886,
        153.073
      ],
      [
        0.936,
        151.985
      ],
      [
        0.988,
        139.902
      ],
      [
        1.039,
        87.865
      ],
      [
        1.089,
        40.857
      ],
      [
        1.14,
        14.328
      ],
      [
        1.191,
        4.33
      ],
      [
        1.242,
        1.55
      ],
      [
        1.293,
        0
      ]
    ],
    "burnTime": 1.293,
    "propMass": 0.09408,
    "dryMass": 0.10752,
    "diameter": 0.029,
    "length": 0.194,
    "position": 0.95
  }
}